
-- INSERTING DATA INTO FOOTBALL_WORLDCUP_MANAGEMENT

INSERT INTO Football_Fan (CNIC, First_Name, Last_Name, Age, Email_Address, password, Gender, userType) VALUES 
('1234567890123', 'John', 'Doe', 25, 'john.doe@example.com', 'password123', 'Male', 'Fan'),
('1234567890124', 'Jane', 'Doe', 22, 'jane.doe@example.com', 'password123', 'Female', 'Fan'),
('1234567890125', 'Bob', 'Smith', 30, 'bob.smith@example.com', 'password123', 'Male', 'Fan'),
('1234567890126', 'Sue', 'Smith', 27, 'sue.smith@example.com', 'password123', 'Female', 'Fan'),
('1234567890127', 'Mike', 'Johnson', 35, 'mike.johnson@example.com', 'password123', 'Male', 'Fan'),
('1234567890128', 'Linda', 'Johnson', 32, 'linda.johnson@example.com', 'password123', 'Female', 'Fan'),
('1234567890129', 'Chris', 'Williams', 40, 'chris.williams@example.com', 'password123', 'Male', 'Fan'),
('1234567890130', 'Emily', 'Williams', 37, 'emily.williams@example.com', 'password123', 'Female', 'Fan'),
('1234567890131', 'Jason', 'Jones', 45, 'jason.jones@example.com', 'password123', 'Male', 'Fan'),
('1234567890132', 'Samantha', 'Jones', 42, 'samantha.jones@example.com', 'password123', 'Female', 'Fan'),
('1234567890133', 'Peter', 'Brown', 50, 'peter.brown@example.com', 'password123', 'Male', 'Fan'),
('1234567890134', 'Ann', 'Brown', 47, 'ann.brown@example.com', 'password123', 'Female', 'Fan'),
('1234567890135', 'James', 'Davis', 55, 'james.davis@example.com', 'password123', 'Male', 'Fan'),
('1234567890136', 'Karen', 'Davis', 52, 'karen.davis@example.com', 'password123', 'Female', 'Fan'),
('1234567890137', 'David', 'Miller', 60, 'david.miller@example.com', 'password123', 'Male', 'Fan'),
('1234567890138', 'Laura', 'Miller', 57, 'laura.miller@example.com', 'password123', 'Female', 'Fan'),
('1234567890139', 'Richard', 'Moore', 65, 'richard.moore@example.com', 'password123', 'Male', 'Fan'),
('1234567890140', 'Emily', 'Moore', 62, 'emily.moore@example.com', 'password123', 'Female', 'Fan');


INSERT INTO Hotels (Hotel_Name, singleBedPrice, doubleBedPrice, tripleBedPrice, city, address) VALUES
('Marriott Hotel', 10000, 12000, 14000, 'Karachi', '123 Main Street'),
('Pearl Continental Hotel', 11000, 13000, 15000, 'Karachi', '456 Park Avenue'),
('Avari Hotel', 8000, 9000, 10000, 'Lahore', '789 Mall Road'),
('Serena Hotel', 9000, 11000, 13000, 'Islamabad', '321 Capital Boulevard'),
('Ramada Plaza Hotel', 7000, 8000, 9000, 'Faisalabad', '654 Market Street'),
('InterContinental Hotel', 12000, 14000, 16000, 'Peshawar', '987 River Road'),
('Holiday Inn Hotel', 8000, 9000, 10000, 'Multan', '246 Hotel Avenue'),
('Hilton Hotel', 10000, 12000, 14000, 'Rawalpindi', '369 Hotel Road'),
('Sheraton Hotel', 11000, 13000, 15000, 'Quetta', '159 Hotel Boulevard'),
('Grand Hyatt Hotel', 9000, 11000, 13000, 'Hyderabad', '753 Hotel Drive');



INSERT INTO Airlines (airline_code, airline_name, country, telNo_help) VALUES
('PK001', 'Pakistan International Airlines', 'Pakistan', '+92-21-111-786-786'),
('PK002', 'Airblue', 'Pakistan', '+92-21-111-247-258'),
('PK003', 'Shaheen Air', 'Pakistan', '+92-21-111-225-111'),
('PK004', 'SereneAir', 'Pakistan', '+92-21-111-722-662'),
('PK005', 'AirSial', 'Pakistan', '+92-21-111-234-444'),
('PK006', 'Jazeera Airways', 'Pakistan', '+92-21-111-787-787'),
('PK007', 'Emirates', 'Pakistan', '+92-21-111-237-373'),
('PK008', 'Qatar Airways', 'Pakistan', '+92-21-111-789-789'),
('PK009', 'Turkish Airlines', 'Pakistan', '+92-21-111-782-782'),
('PK010', 'Etihad Airways', 'Pakistan', '+92-21-111-788-788');




INSERT INTO SeatClasses (SeatClass, startingPrice) VALUES
('Economy', 100),
('Business', 200),
('First Class', 300),
('Suite', 400);


INSERT INTO ManagerAwardList (manager_name, award_name, year_of_award) VALUES
('Lionel Scaloni', 'Best manager of the tournament', 2022);


INSERT INTO Apartments (Apartment_Name, pricePerUnit, city, address) VALUES
('Maple Heights', 750000, 'Karachi', '123 Main Street'),
('Ocean View Apartments', 800000, 'Karachi', '456 Ocean Avenue'),
('Sunset Towers', 850000, 'Karachi', '789 Sunset Boulevard'),
('Green Valley Apartments', 900000, 'Lahore', '321 Green Avenue'),
('Meadow Brook Estates', 950000, 'Lahore', '654 Meadow Drive'),
('Cedar Ridge Apartments', 1000000, 'Lahore', '987 Cedar Street'),
('Pine Ridge Apartments', 1050000, 'Islamabad', '246 Pine Road'),
('Mountain View Estates', 1100000, 'Islamabad', '369 Mountain Avenue'),
('River Run Apartments', 1150000, 'Islamabad', '159 River Road'),
('Forest Hills Apartments', 1200000, 'Peshawar', '753 Forest Drive'),
('Stonebridge Estates', 1250000, 'Peshawar', '964 Stonebridge Drive'),
('Lakeview Apartments', 1300000, 'Quetta', '147 Lakeview Drive'),
('Harbor Pointe Apartments', 1350000, 'Quetta', '258 Harbor Pointe Drive'),
('Parkview Estates', 1400000, 'Multan', '369 Parkview Avenue'),
('Coastal Pointe Apartments', 1450000, 'Multan', '159 Coastal Pointe Drive'),
('Sandy Beach Apartments', 1500000, 'Faisalabad', '753 Sandy Beach Road'),
('Meadowdale Estates', 1550000, 'Faisalabad', '964 Meadowdale Drive'),
('Pine Grove Apartments', 1600000, 'Rawalpindi', '147 Pine Grove Avenue'),
('Sunset Ridge Apartments', 1650000, 'Rawalpindi', '258 Sunset Ridge Drive');

INSERT INTO Teams (team_name, team_manager, team_coach, team_captain_id, world_ranking,Group_Name) VALUES
('Pakistan', 'Félix Sánchez Bas', 'John Smith', 1, 100,'G'),
('Senegal', 'Aliou Cisse', 'Jane Doe', 2, 75,'G'),
('Ecuador', 'Gustavo Alfaro', 'Mike Johnson', 3, 50,'G'),
('Netherlands', 'Louis van Gaal', 'Sara Williams', 4, 25,'H'),
('England', 'Gareth Southgate', 'Chris Brown', 5, 10,'E'),
('Iran', 'Carlos Queiroz', 'Emily Davis', 6, 5,'E'),
('USA', 'Gregg Berhalter ', 'Robert Smith', 7, 1,'D'),
('Wales', 'Robert Page', 'Laura Jones', 8, 20,'E'),
('Argentina', 'Lionel Scaloni', 'David Smith', 9, 15,'D'),
('Saudi Arabia', 'Herve Renard', 'Julie Williams', 10, 10,'E'),
('Mexico', 'Gerardo Martino', 'Mark Johnson', 11, 5,'H'),
('Poland', 'Czesław Michniewicz', 'Sarah Davis', 12, 1,'H'),
('France', 'Didier Claude Deschamps', 'Chris Jones', 13, 25,'F'),
('Australia', 'Graham Arnold', 'Emily Smith', 14, 20,'H'),
('Denmark', 'Kasper Hjulmand', 'Laura Williams', 15, 15,'F'),
('Tunisia', 'Jalel Kadri', 'Michael Brown', 16, 10,'F'),
('Spain', 'Luis Enrique', 'Sara Johnson', 17, 5,'F'),
('Costa Rica', 'Luis Fernandez Suarez', 'Robert Davis', 18, 1,'D'),
('Germany', 'Hansi Flick', 'Julie Jones', 19, 25,'B'),
('Japan', 'Hajime Moriyasu', 'Emily Brown', 20, 20,'B'),
('Belgium', 'Roberto Martinez', 'Chris Williams', 21, 15,'G'),
('Canada', 'John Herdman', 'Sarah Smith', 22, 10,'C'),
('Morocco', 'Walid Regragui', 'Laura Johnson', 23, 5,'D'),
('Croatia', 'Zlatko Dalic', 'Robert Williams', 24, 1,'B'),
('Brazil', 'Adenor Leonardo Bacchi (Tite)', 'Michael Jones', 25, 25,'C'),
('Serbia', 'Dragan Stojkovic', 'Julie Davis', 26, 20,'A'),
('Switzerland', 'Murat Yakin', 'Emily Williams', 27, 15,'C'),
('Portugal', 'Fernando Santos', 'Sarah Brown', 28, 10,'C'),
('Cameron', 'Rigobert Song', 'Laura Smith', 29, 5,'B'),
('Ghana', 'Otto Addo', 'David Williams', 30, 1,'A'),
('Uruguay', 'Diego Alonso', 'Sara Brown', 31, 25,'A'),
('South Korea', 'Paulo Bento', 'Chris Davis', 32, 20,'A');



INSERT INTO Manager (manager_name, contract_date, contract_expiry_date, manager_salary) VALUES
('Félix Sánchez Bas', '2022-01-01', '2024-01-01', 100000),
('Gustavo Alfaro', '2022-02-01', '2024-02-01', 200000),
('Aliou Cisse', '2022-03-01', '2024-03-01', 300000),
('Louis van Gaal', '2022-04-01', '2024-04-01', 400000),
('Gareth Southgate', '2022-05-01', '2024-05-01', 500000),
('Carlos Queiroz', '2022-06-01', '2024-06-01', 600000),
('Antonio Conte', '2022-07-01', '2024-07-01', 700000),
('Robert Page', '2022-08-01', '2024-08-01', 800000),
('Lionel Scaloni', '2022-09-01', '2024-09-01', 900000),
('Herve Renard', '2022-10-01', '2024-10-01', 1000000),
('Gerardo Martino', '2022-11-01', '2024-11-01', 1100000),
('Czesław Michniewicz', '2022-12-01', '2024-12-01', 1200000),
('Didier Claude Deschamps', '2023-01-01', '2025-01-01', 1300000),
('Graham Arnold', '2023-02-01', '2025-02-01', 1400000),
('Kasper Hjulmand', '2023-03-01', '2025-03-01', 1500000),
('Jalel Kadri', '2023-04-01', '2025-04-01', 1600000),
('Luis Enrique', '2023-05-01', '2025-05-01', 1700000),
('Luis Fernandez Suarez', '2023-06-01', '2025-06-01', 1800000),
('Hansi Flick', '2023-07-01', '2025-07-01', 1900000),
('Hajime Moriyasu', '2023-08-01', '2025-08-01', 2000000),
('Roberto Martinez', '2023-09-01', '2025-09-01', 2100000),
('John Herdman', '2023-10-01', '2025-10-01', 2200000),
('Walid Regragui', '2023-11-01', '2025-11-01', 2300000),
('Zlatko Dalic', '2023-12-01', '2025-12-01', 2400000),
('Adenor Leonardo Bacchi (Tite)', '2024-01-01', '2026-01-01',34000000),
('Dragan Stojkovic', '2024-01-01', '2026-01-01', 2500000),
('Murat Yakin', '2024-02-01', '2026-02-01', 2600000),
('Rigobert Song', '2024-03-01', '2026-03-01', 2700000),
('Fernando Santos', '2024-04-01', '2026-04-01', 2800000),
('Otto Addo', '2024-05-01', '2026-05-01', 2900000),
('Diego Alonso', '2024-06-01', '2026-06-01', 3000000),
('Paulo Bento', '2024-07-01', '2026-07-01', 3100000);

INSERT INTO Players (player_id, player_number, player_team, player_name, player_position)
VALUES
(1, 1, 'Pakistan', 'Imran Butt', 'Goalkeeper'),
(2, 2, 'Pakistan', 'Abdul Fatah', 'Defender'),
(3, 3, 'Pakistan', 'Ahmed Faiz', 'Defender'),
(4, 4, 'Pakistan', 'Saad Ullah', 'Defender'),
(5, 5, 'Pakistan', 'Muhammad Aqeel', 'Defender'),
(6, 6, 'Pakistan', 'Shahbaz Ahmed', 'Midfielder'),
(7, 7, 'Pakistan', 'Hassan Bashir', 'Midfielder'),
(8, 8, 'Pakistan', 'Ali Arman', 'Midfielder'),
(9, 9, 'Pakistan', 'Kashif Ali', 'Forward'),
(10, 10, 'Pakistan', 'Hassan Ali', 'Forward'),
(11, 11, 'Pakistan', 'Muhammad Umar', 'Goalkeeper'),
(12, 12, 'Pakistan', 'Muhammad Rizwan', 'Defender'),
(13, 13, 'Pakistan', 'Tariq Lutfi', 'Midfielder'),
(14, 14, 'Pakistan', 'Hassan Sardar', 'Midfielder'),
(15, 15, 'Pakistan', 'Jawad Ali', 'Forward'),
(16, 1, 'Senegal', 'Sadio Mane', 'Forward'),
(17, 2, 'Senegal', 'Moussa Sow', 'Forward'),
(18, 3, 'Senegal', 'Diafra Sakho', 'Forward'),
(19, 4, 'Senegal', 'Cheikhou Kouyate', 'Midfielder'),
(20, 5, 'Senegal', 'Moussa Wague', 'Defender'),
(21, 6, 'Senegal', 'Idrissa Gueye', 'Midfielder'),
(22, 7, 'Senegal', 'Salif Sane', 'Defender'),
(23, 8, 'Senegal', 'Ismaila Sarr', 'Forward'),
(24, 9, 'Senegal', 'Kalidou Koulibaly', 'Defender'),
(25, 10, 'Senegal', 'Keita Balde', 'Forward'),
(26, 11, 'Senegal', 'Youssouf Sabaly', 'Defender'),
(27, 12, 'Senegal', 'Alfred Ndiaye', 'Midfielder'),
(28, 13, 'Senegal', 'Cheikh Ndoye', 'Midfielder'),
(29, 14, 'Senegal', 'Pape Alioune Ndiaye', 'Midfielder'),
(30, 15, 'Senegal', 'Abdoulaye Diallo', 'Goalkeeper'),
(31, 1, 'Ecuador', 'Enner Valencia', 'Forward'),
(32, 2, 'Ecuador', 'Jefferson Montero', 'Forward'),
(33, 3, 'Ecuador', 'Antonio Valencia', 'Defender'),
(34, 4, 'Ecuador', 'Frickson Erazo', 'Defender'),
(35, 5, 'Ecuador', 'Juan Carlos','MidFielder'),
(36, 6, 'Ecuador', 'Christian Noboa', 'Midfielder'),
(37, 7, 'Ecuador', 'Felipe Caicedo', 'Forward'),
(38, 8, 'Ecuador', 'Walter Ayovi', 'Defender'),
(39, 9, 'Ecuador', 'Joao Rojas', 'Midfielder'),
(40, 10, 'Ecuador', 'Pedro Velasco', 'Defender'),
(41, 11, 'Ecuador', 'Alex Ibarra', 'Midfielder'),
(42, 12, 'Ecuador', 'Diego Arcos', 'Goalkeeper'),
(43, 13, 'Ecuador', 'Fernando Gaibor', 'Midfielder'),
(44, 14, 'Ecuador', 'Pablo Palacios', 'Forward'),
(45, 15, 'Ecuador', 'Gonzalo Plata', 'Forward'),
(46, 1, 'Netherlands', 'Virgil van Dijk', 'Defender'),
(47, 2, 'Netherlands', 'Georginio Wijnaldum', 'Midfielder'),
(48, 3, 'Netherlands', 'Memphis Depay', 'Forward'),
(49, 4, 'Netherlands', 'Donny van de Beek', 'Midfielder'),
(50, 5, 'Netherlands', 'Davy Klaassen', 'Midfielder'),
(51, 6, 'Netherlands', 'Frenkie de Jong', 'Midfielder'),
(52, 7, 'Netherlands', 'Stefan de Vrij', 'Defender'),
(53, 8, 'Netherlands', 'Matthijs de Ligt', 'Defender'),
(54, 9, 'Netherlands', 'Ryan Babel', 'Forward'),
(55, 10, 'Netherlands', 'Quincy Promes', 'Forward'),
(56, 11, 'Netherlands', 'Daryl Janmaat', 'Defender'),
(57, 12, 'Netherlands', 'Jeroen Zoet', 'Goalkeeper'),
(58, 13, 'Netherlands', 'Luuk de Jong', 'Forward'),
(59, 14, 'Netherlands', 'Jeroen Tesselaar', 'Defender'),
(60, 15, 'Netherlands', 'Stefano Denswil', 'Defender'),
(61, 1, 'England', 'Harry Kane', 'Forward'),
(62, 2, 'England', 'Raheem Sterling', 'Forward'),
(63, 3, 'England', 'John Stones', 'Defender'),
(64, 4, 'England', 'Jordan Henderson', 'Midfielder'),
(65, 5, 'England', 'Harry Maguire', 'Defender'),
(66, 6, 'England', 'Jesse Lingard', 'Midfielder'),
(67, 7, 'England', 'Trent Alexander-Arnold', 'Defender'),
(68, 8, 'England', 'Kyle Walker', 'Defender'),
(69, 9, 'England', 'Jadon Sancho', 'Forward'),
(70, 10, 'England', 'Marcus Rashford', 'Forward'),
(71, 11, 'England', 'Dede','Defender'),
(72, 12, 'England', 'Jordan Pickford', 'Goalkeeper'),
(73, 13, 'England', 'Ben Chilwell', 'Defender'),
(74, 14, 'England', 'Callum Hudson-Odoi', 'Forward'),
(75, 15, 'England', 'Declan Rice', 'Midfielder'),
(76, 1, 'Iran', 'Alireza Beiranvand', 'Goalkeeper'),
(77, 2, 'Iran', 'Ramin Rezaeian', 'Defender'),
(78, 3, 'Iran', 'Ehsan Hajsafi', 'Midfielder'),
(79, 4, 'Iran', 'Saeid Ezatolahi', 'Midfielder'),
(80, 5, 'Iran', 'Pejman Montazeri', 'Defender'),
(81, 6, 'Iran', 'Milad Mohammadi', 'Defender'),
(82, 7, 'Iran', 'Mehdi Taremi', 'Forward'),
(83, 8, 'Iran', 'Karim Ansarifard', 'Forward'),
(84, 9, 'Iran', 'Saman Ghoddos', 'Forward'),
(85, 10, 'Iran', 'Ashkan Dejagah', 'Midfielder'),
(86, 11, 'Iran', 'Amir Abedzadeh', 'Goalkeeper'),
(87, 12, 'Iran', 'Mohammed Mohebi', 'Defender'),
(88, 13, 'Iran', 'Mahdi Torabi', 'Midfielder'),
(89, 14, 'Iran', 'Mehdi Torabi', 'Forward'),
(90, 15, 'Iran', 'Majid Hosseini', 'Defender'),
(91, 1, 'USA', 'Brad Guzan', 'Goalkeeper'),
(92, 2, 'USA', 'John Brooks', 'Defender'),
(93, 3, 'USA', 'DeAndre Yedlin', 'Defender'),
(94, 4, 'USA', 'Michael Bradley', 'Midfielder'),
(95, 5, 'USA', 'Christian Pulisic', 'Forward'),
(96, 6, 'USA', 'Weston McKennie', 'Midfielder'),
(97, 7, 'USA', 'Tyler Adams', 'Midfielder'),
(98, 8, 'USA', 'Jordan Morris', 'Forward'),
(99, 9, 'USA', 'Bobby Wood', 'Forward'),
(100, 10, 'USA', 'Gyasi Zardes', 'Forward'),
(101, 11, 'USA', 'Tim Ream', 'Defender'),
(102, 12, 'USA', 'Zack Steffen', 'Goalkeeper'),
(103, 13, 'USA', 'Darlington Nagbe', 'Midfielder'),
(104, 14, 'USA', 'Aaron Long', 'Defender'),
(105, 15, 'USA', 'Daniel Lovitz', 'Defender'),
(106, 1, 'Wales', 'Gareth Bale', 'Forward'),
(107, 2, 'Wales', 'Aaron Ramsey', 'Midfielder'),
(108, 3, 'Wales', 'Joe Allen', 'Midfielder'),
(109, 4, 'Wales', 'Chris Gunter', 'Defender'),
(110,5,'wales','WilliamSon','Defender'),
(111, 5, 'Wales', 'Ben Davies', 'Defender'),
(112, 6, 'Wales', 'Neil Taylor', 'Defender'),
(113, 7, 'Wales', 'Joe Ledley', 'Midfielder'),
(114, 8, 'Wales', 'Sam Vokes', 'Forward'),
(115, 9, 'Wales', 'Ashley Williams', 'Defender'),
(116, 10, 'Wales', 'Jonathan Williams', 'Midfielder'),
(117, 11, 'Wales', 'Wayne Hennessey', 'Goalkeeper'),
(118, 12, 'Wales', 'David Vaughan', 'Midfielder'),
(119, 13, 'Wales', 'David Edwards', 'Midfielder'),
(120, 14, 'Wales', 'Emyr Huws', 'Midfielder'),
(121, 15, 'Wales', 'Adam Matthews', 'Defender'),
(122, 1, 'Argentina', 'Lionel Messi', 'Forward'),
(123, 2, 'Argentina', 'Sergio Aguero', 'Forward'),
(124, 3, 'Argentina', 'Nicolas Otamendi', 'Defender'),
(125, 4, 'Argentina', 'Angel Di Maria', 'Forward'),
(126, 5, 'Argentina', 'Javier Mascherano', 'Midfielder'),
(127, 6, 'Argentina', 'Nicolas Gaitan', 'Midfielder'),
(128, 7, 'Argentina', 'Ezequiel Lavezzi', 'Forward'),
(129, 8, 'Argentina', 'Ezequiel Lavezzi', 'Defender'),
(130, 9, 'Argentina', 'Gonzalo Higuain', 'Forward'),
(131, 10, 'Argentina', 'Ever Banega', 'Midfielder'),
(132, 11, 'Argentina', 'Emanuel Mammana', 'Defender'),
(133, 12, 'Argentina', 'Sergio Romero', 'Goalkeeper'),
(134, 13, 'Argentina', 'Marcos Rojo', 'Defender'),
(135, 14, 'Argentina', 'Federico Fazio', 'Defender'),
(136, 15, 'Argentina', 'Nahuel Guzman', 'Goalkeeper'),
(137, 1, 'Saudi Arabia', 'Yasser Al-Mosailem', 'Goalkeeper'),
(138, 2, 'Saudi Arabia', 'Yasser Al-Shahrani', 'Defender'),
(139, 3, 'Saudi Arabia', 'Mansoor Al-Harbi', 'Defender'),
(140, 4, 'Saudi Arabia', 'Omar Hawsawi', 'Defender'),
(141, 5, 'Saudi Arabia', 'Mohammed Al-Breik', 'Defender'),
(142, 6, 'Saudi Arabia', 'Salman Al-Faraj', 'Midfielder'),
(143, 7, 'Saudi Arabia', 'Hattan Bahebri', 'Midfielder'),
(144, 8, 'Saudi Arabia', 'Yahya Al-Shehri', 'Forward'),
(145, 9, 'Saudi Arabia', 'Salem Al-Daws','Forward'),
(146, 10, 'Saudi Arabia', 'Nawaf Al-Abid', 'Midfielder'),
(147, 11, 'Saudi Arabia', 'Abdulmalek Al-Khaibri', 'Midfielder'),
(148, 12, 'Saudi Arabia', 'Mohammed Al-Owais', 'Goalkeeper'),
(149, 13, 'Saudi Arabia', 'Taisir Al-Jassim', 'Midfielder'),
(150, 14, 'Saudi Arabia', 'Abdulaziz Al-Bishi', 'Defender'),
(151, 15, 'Saudi Arabia', 'Mohammed Al-Sahlawi', 'Forward'),
(152, 1, 'Mexico', 'Guillermo Ochoa', 'Goalkeeper'),
(153, 2, 'Mexico', 'Rafael Marquez', 'Defender'),
(154, 3, 'Mexico', 'Hector Moreno', 'Defender'),
(155, 4, 'Mexico', 'Miguel Layun', 'Defender'),
(156, 5, 'Mexico', 'Andres Guardado', 'Midfielder'),
(157, 6, 'Mexico', 'Hector Herrera', 'Midfielder'),
(158, 7, 'Mexico', 'Javier Hernandez', 'Forward'),
(159, 8, 'Mexico', 'Carlos Vela', 'Forward'),
(160, 9, 'Mexico', 'Giovani dos Santos', 'Forward'),
(161, 10, 'Mexico', 'Jesus Manuel Corona', 'Midfielder'),
(162, 11, 'Mexico', 'Oribe Peralta', 'Forward'),
(163, 12, 'Mexico', 'Jonathan Orozco', 'Goalkeeper'),
(164, 13, 'Mexico', 'Diego Lainez', 'Midfielder'),
(165, 14, 'Mexico', 'Erick Gutierrez', 'Midfielder'),
(166, 15, 'Mexico', 'Nestor Araujo', 'Defender'),
(167, 1, 'Poland', 'Lukasz Fabianski', 'Goalkeeper'),
(168, 2, 'Poland', 'Lukasz Piszczek', 'Defender'),
(169, 3, 'Poland', 'Kamil Glik', 'Defender'),
(170, 4, 'Poland', 'Artur Jedrzejczyk', 'Defender'),
(171, 5, 'Poland', 'Maciej Rybus', 'Defender'),
(172, 6, 'Poland', 'Grzegorz Krychowiak', 'Midfielder'),
(173, 7, 'Poland', 'Kamil Grosicki', 'Forward'),
(174, 8, 'Poland', 'Jakub Blaszczykowski', 'Midfielder'),
(175, 9, 'Poland', 'Robert Lewandowski', 'Forward'),
(176, 10, 'Poland', 'Arkadiusz Milik', 'Forward'),
(177, 11, 'Poland', 'Slawomir Peszko', 'Midfielder'),
(178, 12, 'Poland', 'Wojciech Szczesny', 'Goalkeeper'),
(179, 13, 'Poland', 'Thiago Cionek', 'Defender'),
(180, 14, 'Poland','Glonek','misfielder'),
(181, 15, 'Poland', 'Bartosz Bereszynski', 'Defender'),
(182, 1, 'France', 'Hugo Lloris', 'Goalkeeper'),
(183, 2, 'France', 'Djibril Sidibe', 'Defender'),
(184, 3, 'France', 'Raphael Varane', 'Defender'),
(185, 4, 'France', 'Samuel Umtiti', 'Defender'),
(186, 5, 'France', 'Lucas Hernandez', 'Defender'),
(187, 6, 'France', 'NGolo Kante', 'Midfielder'),
(188, 7, 'France', 'Paul Pogba', 'Midfielder'),
(189, 8, 'France', 'Antoine Griezmann', 'Forward'),
(190, 9, 'France', 'Kylian Mbappe', 'Forward'),
(191, 10, 'France', 'Ousmane Dembele', 'Forward'),
(192, 11, 'France', 'Alphonse Areola', 'Goalkeeper'),
(193, 12, 'France', 'Presnel Kimpembe', 'Defender'),
(194, 13, 'France', 'Adrien Rabiot', 'Midfielder'),
(195, 14, 'France', 'Thomas Lemar', 'Midfielder'),
(196, 15, 'France', 'Olivier Giroud', 'Forward'),
(197, 1, 'Australia', 'Mathew Ryan', 'Goalkeeper'),
(198, 2, 'Australia', 'Trent Sainsbury', 'Defender'),
(199, 3, 'Australia', 'Mark Milligan', 'Defender'),
(200, 4, 'Australia', 'Mathew Leckie', 'Forward'),
(201, 5, 'Australia', 'Mile Jedinak', 'Midfielder'),
(202, 6, 'Australia', 'Tom Rogic', 'Midfielder'),
(203, 7, 'Australia', 'Aaron Mooy', 'Midfielder'),
(204, 8, 'Australia', 'Massimo Luongo', 'Midfielder'),
(205, 9, 'Australia', 'Robbie Kruse', 'Forward'),
(206, 10, 'Australia', 'Tomi Juric', 'Forward'),
(207, 11, 'Australia', 'Brad Jones', 'Goalkeeper'),
(208, 12, 'Australia', 'Aziz Behich', 'Defender'),
(209, 13, 'Australia', 'Jackson Irvine', 'Midfielder'),
(210, 14, 'Australia', 'Jamie Maclaren', 'Forward'),
(211, 15, 'Australia', 'Josh Risdon', 'Defender'),
(212, 1, 'Denmark', 'Kasper Schmeichel', 'Goalkeeper'),
(213, 2, 'Denmark', 'Simon Kjaer', 'Defender'),
(214, 3, 'Denmark', 'Jens Stryger Larsen', 'Defender'),
(215, 4, 'Denmark', 'Mathias Jorgensen', 'Defender'),
(216, 5, 'Denmark', 'Andreas Christensen', 'Defender'),
(217, 6, 'Denmark', 'Lars Jacobsen', 'Defender'),
(218, 7, 'Denmark', 'harry','Defender'),
(253, 12, 'Spain', 'Kepa Arrizabalaga', 'Goalkeeper'),
(254, 13, 'Spain', 'Nacho Monreal', 'Defender'),
(255, 14, 'Spain', 'Saul Niguez', 'Midfielder'),
(256, 15, 'Spain', 'Sergio Canales', 'Midfielder'),
(257, 1, 'Costa Rica', 'Keylor Navas', 'Goalkeeper'),
(258, 2, 'Costa Rica', 'Cristian Gamboa', 'Defender'),
(259, 3, 'Costa Rica', 'Giancarlo Gonzalez', 'Defender'),
(260, 4, 'Costa Rica', 'Oscar Duarte', 'Defender'),
(261, 5, 'Costa Rica', 'Bryan Oviedo', 'Defender'),
(262, 6, 'Costa Rica', 'Celso Borges', 'Midfielder'),
(263, 7, 'Costa Rica', 'Yeltsin Tejeda', 'Midfielder'),
(264, 8, 'Costa Rica', 'Bryan Ruiz', 'Midfielder'),
(265, 9, 'Costa Rica', 'Joel Campbell', 'Forward'),
(266, 10, 'Costa Rica', 'Marcos Urena', 'Forward'),
(267, 11, 'Costa Rica', 'Patrick Pemberton', 'Goalkeeper'),
(268, 12, 'Costa Rica', 'Johnny Acosta', 'Defender'),
(269, 13, 'Costa Rica', 'David Guzman', 'Midfielder'),
(270, 14, 'Costa Rica', 'Christian Bolanos', 'Midfielder'),
(271, 15, 'Costa Rica', 'Johan Venegas', 'Forward'),
(272, 1, 'Germany', 'Manuel Neuer', 'Goalkeeper'),
(273, 2, 'Germany', 'Jerome Boateng', 'Defender'),
(274, 3, 'Germany', 'Mats Hummels', 'Defender'),
(275, 4, 'Germany', 'Joshua Kimmich', 'Defender'),
(276, 5, 'Germany', 'Antonio Rudiger', 'Defender'),
(277, 6, 'Germany', 'Samuel Kuffour', 'Defender'),
(278, 7, 'Germany', 'Toni Kroos', 'Midfielder'),
(279, 8, 'Germany', 'Mesut Ozil', 'Midfielder'),
(280, 9, 'Germany', 'Thomas Muller', 'Forward'),
(281, 10, 'Germany', 'Leroy Sane', 'Forward'),
(282, 11, 'Germany', 'Marc-Andre ter Stegen', 'Goalkeeper'),
(283, 12, 'Germany', 'Niklas Sule', 'Defender'),
(284, 13, 'Germany', 'Julian Draxler', 'Midfielder'),
(285, 14, 'Germany', 'Julian Brandt', 'Midfielder'),
(286, 15, 'Germany', 'Marco Reus', 'Forward'),
(287, 1, 'Japan', 'Eiji Kawashima', 'Goalkeeper'),
(288, 2, 'Japan', 'Yuto Nagatomo', 'Defender'),
(289, 3, 'Japan', 'Maya Yoshida', 'Defender'),
(290, 4, 'Japan','Goku','Forward'),
(347, 1, 'Croatia', 'Danijel Subasic', 'Goalkeeper'),
(348, 2, 'Croatia', 'Dejan Lovren', 'Defender'),
(349, 3, 'Croatia', 'Ivan Strinic', 'Defender'),
(350, 4, 'Croatia', 'Vedran Corluka', 'Defender'),
(351, 5, 'Croatia', 'Domagoj Vida', 'Defender'),
(352, 6, 'Croatia', 'Ivan Rakitic', 'Midfielder'),
(353, 7, 'Croatia', 'Luka Modric', 'Midfielder'),
(354, 8, 'Croatia', 'Ivan Perisic', 'Midfielder'),
(355, 9, 'Croatia', 'Mario Mandzukic', 'Forward'),
(356, 10, 'Croatia', 'Ivan Santini', 'Forward'),
(357, 11, 'Croatia', 'Lovre Kalinic', 'Goalkeeper'),
(358, 12, 'Croatia', 'Borna Barisic', 'Defender'),
(359, 13, 'Croatia', 'Mateo Kovacic', 'Midfielder'),
(360, 14, 'Croatia', 'Marko Pjaca', 'Midfielder'),
(361, 15, 'Croatia', 'Nikola Vlasic', 'Midfielder'),
(362, 1, 'Brazil','salinha','midfielder'),
(363, 2, 'Brazil', 'Danilo', 'Defender'),
(364, 3, 'Brazil', 'Thiago Silva', 'Defender'),
(365, 4, 'Brazil', 'Miranda', 'Defender'),
(366, 5, 'Brazil', 'Marquinhos', 'Defender'),
(367, 6, 'Brazil', 'Fernandinho', 'Midfielder'),
(368, 7, 'Brazil', 'Casemiro', 'Midfielder'),
(369, 8, 'Brazil', 'Phillipe Coutinho', 'Midfielder'),
(370, 9, 'Brazil', 'Neymar Jr.', 'Forward'),
(371, 10, 'Brazil', 'Roberto Firmino', 'Forward'),
(372, 11, 'Brazil', 'Alisson Becker', 'Goalkeeper'),
(373, 12, 'Brazil', 'Marcelo', 'Defender'),
(374, 13, 'Brazil', 'Paulinho', 'Midfielder'),
(375, 14, 'Brazil', 'Renato Augusto', 'Midfielder'),
(376, 15, 'Brazil', 'Willian', 'Forward'),
(377, 1, 'Serbia', 'Vladimir Stojkovic', 'Goalkeeper'),
(378, 2, 'Serbia', 'Branislav Ivanovic', 'Defender'),
(379, 3, 'Serbia', 'Dusko Tosic', 'Defender'),
(380, 4, 'Serbia', 'Nikola Milenkovic', 'Defender'),
(381, 5, 'Serbia', 'Milos Veljkovic', 'Defender'),
(382, 6, 'Serbia', 'Luka Milivojevic', 'Midfielder'),
(383, 7, 'Serbia', 'Nemanja Matic', 'Midfielder'),
(384, 8, 'Serbia', 'Filip Kostic', 'Midfielder'),
(385, 9, 'Serbia', 'Dusan Tadic', 'Midfielder'),
(386, 10, 'Serbia', 'Aleksandar Mitrovic', 'Forward'),
(387, 11, 'Serbia', 'Predrag Rajkovic', 'Goalkeeper'),
(388, 12, 'Serbia', 'Stefan Mitrovic', 'Defender'),
(389, 13, 'Serbia', 'Sergej Milinkovic-Savic', 'Midfielder'),
(390, 14, 'Serbia', 'Marko Grujic', 'Midfielder'),
(391, 15, 'Serbia', 'Luka Jovic', 'Forward'),
(392, 1, 'Switzerland', 'Yann Sommer', 'Goalkeeper'),
(393, 2, 'Switzerland', 'Stephan Lichtsteiner', 'Defender'),
(394, 3, 'Switzerland', 'Fabian Schar', 'Defender'),
(395, 4, 'Switzerland', 'Michael Lang', 'Defender'),
(396, 5, 'Switzerland', 'Ricardo Rodriguez', 'Defender'),
(397, 6, 'Switzerland', 'Granit Xhaka', 'Midfielder'),
(398, 7, 'Switzerland', 'Denis Zakaria', 'Midfielder'),
(399, 8, 'Switzerland', 'Valon Behrami', 'Midfielder'),
(400, 9, 'Switzerland', 'Xherdan Shaqiri', 'Midfielder'),
(401, 10, 'Switzerland', 'Haris Seferovic', 'Forward'),
(402, 11, 'Switzerland', 'Yvon Mvogo', 'Goalkeeper'),
(403, 12, 'Switzerland', 'Manuel Akanji', 'Defender'),
(404, 13, 'Switzerland', 'Remo Freuler', 'Midfielder'),
(405, 14, 'Switzerland', 'Blerim Dzemaili', 'Midfielder'),
(406, 15, 'Switzerland', 'Breel Embolo', 'Forward'),
(407, 1, 'Portugal', 'Rui Patricio', 'Goalkeeper'),
(408, 2, 'Portugal', 'Pepe', 'Defender'),
(409, 3, 'Portugal', 'Bruno Alves', 'Defender'),
(410, 4, 'Portugal', 'Jose Fonte', 'Defender'),
(411, 5, 'Portugal', 'Raphael Guerreiro', 'Defender'),
(412, 6, 'Portugal', 'Joao Moutinho', 'Midfielder'),
(413, 7, 'Portugal', 'William Carvalho', 'Midfielder'),
(414, 8, 'Portugal', 'Bernardo Silva', 'Midfielder'),
(415, 9, 'Portugal', 'Cristiano Ronaldo', 'Forward'),
(416, 10, 'Portugal', 'André Silva', 'Forward'),
(417, 11, 'Portugal', 'Anthony Lopes', 'Goalkeeper'),
(418, 12, 'Portugal', 'Ricardo Pereira', 'Defender'),
(419, 13, 'Portugal', 'Ruben Neves', 'Midfielder'),
(420, 14, 'Portugal', 'Joao Cancelo', 'Midfielder'),
(421, 15, 'Portugal', 'Gelson Martins', 'Forward'),
(422, 1, 'Cameroon', 'André Onana', 'Goalkeeper'),
(423, 2, 'Cameroon', 'Michael Ngadeu-Ngadjui', 'Defender'),
(424, 3, 'Cameroon', 'Joël Matip', 'Defender'),
(425, 4, 'Cameroon', 'Adolphe Teikeu', 'Defender'),
(426, 5, 'Cameroon', 'Fai Collins', 'Defender'),
(427, 6, 'Cameroon', 'Sébastien Siani', 'Midfielder'),
(428, 7, 'Cameroon', 'Arnaud Djoum', 'Midfielder'),
(429, 8, 'Cameroon', 'Karl Toko Ekambi', 'Midfielder'),
(430, 9, 'Cameroon', 'Vincent Aboubakar', 'Forward'),
(431, 10, 'Cameroon', 'Clinton Njie', 'Forward'),
(432, 11, 'Cameroon', 'Fabrice Ondoa', 'Goalkeeper'),
(433, 12, 'Cameroon', 'Imran','Defender'),
(434, 13, 'Cameroon', 'Benjamin Moukandjo', 'Midfielder'),
(435, 14, 'Cameroon', 'Eric Maxim Choupo-Moting', 'Midfielder'),
(436, 15, 'Cameroon', 'Olivier Boumal', 'Midfielder'),
(437, 1, 'Ghana', 'Richard Ofori', 'Goalkeeper'),
(438, 2, 'Ghana', 'Harrison Afful', 'Defender'),
(439, 3, 'Ghana', 'John Boye', 'Defender'),
(440, 4, 'Ghana', 'Jonathan Mensah', 'Defender'),
(441, 5, 'Ghana', 'Baba Rahman', 'Defender'),
(442, 6, 'Ghana', 'Thomas Partey', 'Midfielder'),
(443, 7, 'Ghana', 'Mubarak Wakaso', 'Midfielder'),
(444, 8, 'Ghana', 'Christian Atsu', 'Midfielder'),
(445, 9, 'Ghana', 'Asamoah Gyan', 'Forward'),
(446, 10, 'Ghana', 'Jordan Ayew', 'Forward'),
(447, 11, 'Ghana', 'Lawrence Ati Zigi', 'Goalkeeper'),
(448, 12, 'Ghana', 'Edward Opoku', 'Midfielder'),
(449, 13, 'Ghana', 'Afriyie Acquah', 'Midfielder'),
(450, 14, 'Ghana', 'Samuel Owusu', 'Midfielder'),
(451, 15, 'Ghana', 'Emmanuel Boateng', 'Forward'),
(452, 1, 'Uruguay', 'Fernando Muslera', 'Goalkeeper'),
(453, 2, 'Uruguay', 'Diego Godin', 'Defender'),
(454, 3, 'Uruguay', 'José Giménez', 'Defender'),
(455, 4, 'Uruguay', 'Sebastián Coates', 'Defender'),
(456, 5, 'Uruguay', 'Martín Cáceres', 'Defender'),
(457, 6, 'Uruguay', 'Egidio Arévalo Rios', 'Midfielder'),
(458, 7, 'Uruguay', 'Nicolás Lodeiro', 'Midfielder'),
(459, 8, 'Uruguay','Darwin','Forward'),
(460, 9, 'Uruguay', 'Diego Laxalt', 'Midfielder'),
(461, 10, 'Uruguay', 'Luis Suarez', 'Forward'),
(462, 11, 'Uruguay', 'Edinson Cavani', 'Forward'),
(463, 12, 'Uruguay', 'Martín Silva', 'Goalkeeper'),
(464, 13, 'Uruguay', 'Gastón Silva', 'Defender'),
(465, 14, 'Uruguay', 'Cristian Rodríguez', 'Midfielder'),
(466, 15, 'Uruguay', 'Giorgian De Arrascaeta', 'Midfielder'),
(467, 1, 'South Korea', 'Kim Seung-gyu', 'Goalkeeper'),
(468, 2, 'South Korea', 'Kim Young-gwon', 'Defender'),
(469, 3, 'South Korea', 'Jang Hyun-soo', 'Defender'),
(470, 4, 'South Korea', 'Hong Jeong-ho', 'Defender'),
(471, 5, 'South Korea', 'Kwak Tae-hwi', 'Defender'),
(472, 6, 'South Korea', 'Ki Sung-yueng', 'Midfielder'),
(473, 7, 'South Korea', 'Koo Ja-cheol', 'Midfielder'),
(474, 8, 'South Korea', 'Lee Chung-yong', 'Midfielder'),
(475, 9, 'South Korea', 'Son Heung-min', 'Forward'),
(476, 10, 'South Korea', 'Hwang Hee-chan', 'Forward'),
(477, 11, 'South Korea', 'Kim Jin-hyeon', 'Goalkeeper'),
(478, 12, 'South Korea', 'Lee Yong', 'Defender'),
(479, 13, 'South Korea', 'Park Joo-ho', 'Defender'),
(480, 14, 'South Korea', 'Lee Jae-sung', 'Midfielder'),
(481, 15, 'South Korea', 'Ji Dong-won', 'Forward'),

(219, 2, 'Brazil', 'Daniel Alves', 'Defender'),
(220, 3, 'Brazil', 'Marquinhos', 'Defender'),
(221, 4, 'Brazil', 'Thiago Silva', 'Defender'),
(222, 5, 'Brazil', 'Alex Sandro', 'Defender'),
(223, 6, 'Brazil', 'Casemiro', 'Midfielder'),
(224, 7, 'Brazil', 'Fernandinho', 'Midfielder'),
(225, 8, 'Brazil', 'Philippe Coutinho', 'Midfielder'),
(226, 9, 'Brazil', 'Neymar Jr.', 'Forward'),
(227, 10, 'Brazil', 'Roberto Firmino', 'Forward'),
(228, 11, 'Brazil', 'Ederson', 'Goalkeeper'),
(229, 12, 'Brazil', 'Miranda', 'Defender'),
(230, 13, 'Brazil', 'Fabinho', 'Midfielder'),
(231, 14, 'Brazil', 'Renato Augusto', 'Midfielder'),
(232, 15, 'Brazil', 'Richarlison', 'Forward'),
(233, 1, 'Serbia', 'Vladimir Stojkovic', 'Goalkeeper'),
(234, 2, 'Serbia', 'Antonio Rukavina', 'Defender'),
(235, 3, 'Serbia', 'Nikola Milenkovic', 'Defender'),
(236, 4, 'Serbia', 'Branislav Ivanovic', 'Defender'),
(237, 5, 'Serbia', 'Aleksandar Kolarov', 'Defender'),
(238, 6, 'Serbia', 'Nemanja Matic', 'Midfielder'),
(239, 7, 'Serbia', 'Sergej Milinkovic-Savic', 'Midfielder'),
(240, 8, 'Serbia', 'Dusan Tadic', 'Midfielder'),
(241, 9, 'Serbia', 'Aleksandar Mitrovic', 'Forward'),
(242, 10, 'Serbia', 'Luka Jovic', 'Forward'),
(243, 11, 'Serbia', 'Marko Dmitrovic', 'Goalkeeper'),
(244, 12, 'Serbia', 'Duško Tošic', 'Defender'),
(245, 13, 'Serbia', 'Luka Milivojevic', 'Midfielder'),
(246, 14, 'Serbia', 'Filip Kostic', 'Midfielder'),
(247, 15, 'Serbia', 'Andrija Živkovic', 'Forward'),
(248, 1, 'Switzerland', 'Yann Sommer', 'Goalkeeper'),
(249, 2, 'Switzerland', 'Stephan Lichtsteiner', 'Defender'),
(250, 3, 'Switzerland', 'Fabian Schär', 'Defender'),
(251,4,'Switzerland','Akhir','Defender');


INSERT INTO PlayerAwardList (player_id, award_name, year_of_award)
VALUES
(122,'Top Assist Providor',2022),
(415,'Top Scorer',2022),
(407,'Most CleanSheets',2022);

INSERT INTO Flights (Flight_No, airline_code, capacity, arrivalCity, departCity, arrivalTime, departTime)
VALUES
(1, 'PK001', 150, 'Karachi', 'Lahore', '2022-12-26 10:00:00', '2022-12-26 12:00:00'),
(2, 'PK002', 180, 'Karachi', 'Islamabad', '2022-12-26 14:00:00', '2022-12-26 16:00:00'),
(3, 'PK003', 200, 'Karachi', 'Peshawar', '2022-12-26 18:00:00', '2022-12-26 20:00:00'),
(4, 'PK004', 220, 'Karachi', 'Quetta', '2022-12-26 22:00:00', '2022-12-27 00:00:00'),
(5, 'PK005', 240, 'Lahore', 'Karachi', '2022-12-27 02:00:00', '2022-12-27 04:00:00'),
(6, 'PK006', 260, 'Lahore', 'Islamabad', '2022-12-27 06:00:00', '2022-12-27 08:00:00'),
(7, 'PK007', 280, 'Lahore', 'Peshawar', '2022-12-27 10:00:00', '2022-12-27 12:00:00'),
(8, 'PK008', 300, 'Lahore', 'Quetta', '2022-12-27 14:00:00', '2022-12-27 16:00:00'),
(9, 'PK009', 320, 'Islamabad', 'Karachi', '2022-12-27 18:00:00', '2022-12-27 20:00:00'),
(10, 'PK010', 340, 'Islamabad', 'Lahore', '2022-12-27 22:00:00', '2022-12-28 00:00:00'),
(11, 'PK001', 360, 'Islamabad', 'Peshawar', '2022-12-28 02:00:00', '2022-12-28 04:00'),
(16, 'PK006', 460, 'Peshawar', 'Quetta', '2022-12-28 22:00:00', '2022-12-29 00:00:00'),
(17, 'PK007', 480, 'Quetta', 'Karachi', '2022-12-29 02:00:00', '2022-12-29 04:00:00'),
(18, 'PK008', 500, 'Quetta', 'Lahore', '2022-12-29 06:00:00', '2022-12-29 08:00:00'),
(19, 'PK009', 520, 'Quetta', 'Islamabad', '2022-12-29 10:00:00', '2022-12-29 12:00:00'),
(20, 'PK010', 540, 'Quetta', 'Peshawar', '2022-12-29 14:00:00', '2022-12-29 16:00:00'),
(21, 'PK001', 560, 'Karachi', 'Lahore', '2022-12-29 18:00:00', '2022-12-29 20:00:00'),
(22, 'PK002', 580, 'Karachi', 'Islamabad', '2022-12-29 22:00:00', '2022-12-30 00:00:00'),
(23, 'PK003', 600, 'Karachi', 'Peshawar', '2022-12-30 02:00:00', '2022-12-30 04:00:00'),
(24, 'PK004', 620, 'Karachi', 'Quetta', '2022-12-30 06:00:00', '2022-12-30 08:00:00'),
(25, 'PK005', 640, 'Lahore', 'Karachi', '2022-12-30 10:00:00', '2022-12-30 12:00:00'),
(26, 'PK006', 660, 'Lahore', 'Islamabad', '2022-12-30 14:00:00', '2022-12-30 16:00:00'),
(27, 'PK007', 680, 'Lahore', 'Peshawar', '2022-12-30 18:00:00', '2022-12-30 20:00:00'),
(28, 'PK008', 700, 'Lahore', 'Quetta', '2022-12-30 22:00:00', '2022-12-31 00:00:00'),
(29, 'PK009', 720, 'Islamabad', 'Karachi', '2022-12-31 02:00:00', '2022-12-31 04:00:00'),
(30, 'PK010', 740, 'Islamabad', 'Lahore', '2022-12-31 06:00:00', '2022-12-31 08:00:00'),
(31, 'PK001', 760, 'Islamabad', 'Peshawar', '2022-12-31 10:00:00', '2022-12-31 12:00:00'),
(32, 'PK002', 780, 'Islamabad', 'Quetta', '2022-12-31 14:00:00', '2022-12-31 16:00:00'),
(33, 'PK003', 800, 'Peshawar', 'Karachi', '2022-12-31 18:00:00', '2022-12-31 20:00:00'),
(34, 'PK004', 820, 'Peshawar', 'Lahore', '2022-12-31 22:00:00', '2023-01-01 00:00:00'),
(35, 'PK005', 840, 'Peshawar', 'Islamabad', '2023-01-01 02:00:00', '2023-01-01 04:00:00'),
(36, 'PK006', 860, 'Peshawar', 'Quetta', '2023-01-01 04:00:00', '2023-01-01 06:00:00'),
(37, 'PK007', 880, 'Quetta', 'Karachi', '2023-01-01 08:00:00', '2023-01-01 10:00:00'),
(38, 'PK008', 900, 'Quetta', 'Lahore', '2023-01-01 12:00:00', '2023-01-01 14:00:00'),
(39, 'PK009', 920, 'Quetta', 'Islamabad', '2023-01-01 16:00:00', '2023-01-01 18:00:00'),
(40, 'PK010', 940, 'Quetta', 'Peshawar', '2023-01-01 20:00:00', '2023-01-01 22:00:00'),
(41, 'PK001', 960, 'Karachi', 'Lahore', '2023-01-02 00:00:00', '2023-01-02 02:00:00'),
(42, 'PK002', 980, 'Karachi', 'Islamabad', '2023-01-02 04:00:00', '2023-01-02 06:00:00'),
(43, 'PK003', 1000, 'Karachi', 'Peshawar', '2023-01-02 08:00:00', '2023-01-02 10:00:00'),
(44, 'PK004', 1020, 'Karachi', 'Quetta', '2023-01-02 12:00:00', '2023-01-02 14:00:00'),
(45, 'PK005', 1040, 'Lahore', 'Karachi', '2023-01-02 16:00:00', '2023-01-02 18:00:00');

INSERT INTO Stadium VALUES
('Punjab Stadium','Lahore','Pakistan',40000),
('Peoples Football Stadium','Karachi','Pakistan',60000),
('Quaid e Azam Football Stadium','Mirpur','Pakistan',30000),
('Army Stadium','Rawalpindi','Pakistan',10000),
('Hyderabad Football Stadium','Hyderabad','Pakistan',25000),
('Jinnah Sports Stadium','Islamabad','Pakistan',48000),
('Karachi United Stadium','Karachi','Pakistan',50000),
('Gawadar Stadium','Gawadar','Pakistan',540000),
('Sadiq Shaheed Stadium','Quetta','Pakistan',34000),
('Shoaib Akhtar Stadium','Rawalpindi','Pakistan',82000);

INSERT INTO category (product_category, quantity, category_description)
VALUES 
('Football jerseys', 50, 'Jerseys for football players'),
('Football shoes', 75, 'Shoes for playing football'),
('Football accessories', 100, 'Other accessories for football, such as socks, hats, and gloves');


INSERT INTO Match_Schedule (Match_No, host_team, opponent_team, date_of_Match, stadium, city) VALUES
(1, 'Pakistan', 'Senegal', '2022-06-10T17:00:00', 'Punjab Stadium', 'Lahore'),
(2, 'Ecuador', 'Netherlands', '2022-06-11T14:00:00', 'Peoples Football Stadium', 'Karachi'),
(3, 'England', 'Iran', '2022-06-12T17:00:00', 'Quaid e Azam Football Stadium', 'Mirpur'),
(4, 'USA', 'Wales', '2022-06-13T14:00:00', 'Lahore Football Stadium', 'Lahore'),
(5, 'Argentina', 'Saudi Arabia', '2022-06-14T17:00:00', 'Karachi Football Stadium', 'Karachi'),
(6, 'Mexico', 'Poland', '2022-06-15T14:00:00', 'Quaid e Azam Football Stadium', 'Mirpur'),
(7, 'France', 'Australia', '2022-06-16T17:00:00', 'Punjab Stadium', 'Lahore'),
(8, 'Denmark', 'Tunisia', '2022-06-17T14:00:00', 'Peoples Football Stadium', 'Karachi'),
(9, 'Spain', 'Costa Rica', '2022-06-18T17:00:00', 'Quaid e Azam Football Stadium', 'Mirpur'),
(10, 'Germany', 'Japan', '2022-06-19T14:00:00', 'Lahore Football Stadium', 'Lahore'),
(11, 'Belgium', 'Canada', '2022-06-20T17:00:00', 'Karachi Football Stadium', 'Karachi'),
(12, 'Morocco', 'Croatia', '2022-06-21T14:00:00', 'Quaid e Azam Football Stadium', 'Mirpur'),
(13, 'Brazil', 'Serbia', '2022-06-22T17:00:00', 'Punjab Stadium', 'Lahore'),
(14, 'Switzerland', 'Portugal', '2022-06-23T14:00:00', 'Peoples Football Stadium', 'Karachi'),
(15, 'Cameron', 'Ghana', '2022-06-24T17:00:00', 'Quaid e Azam Football Stadium', 'Mirpur'),
(16, 'Uruguay', 'South Korea', '2022-06-25T14:00:00', 'Lahore Football Stadium', 'Lahore'),
(17, 'Pakistan', 'Netherlands', '2022-06-26T17:00:00', 'Karachi Football Stadium', 'Karachi'),
(18, 'Senegal', 'Ecuador', '2022-06-27T14:00:00', 'Quaid e Azam Football Stadium', 'Mirpur'),
(19, 'Iran', 'Wales', '2022-06-28T17:00:00', 'Punjab Stadium', 'Lahore'),
(20, 'England', 'USA', '2022-11-28T20:00:00','Karachi Football Stadium', 'Karachi'),
(21, 'Saudi Arabia', 'Mexico', '2022-06-29T14:00:00', 'Peoples Football Stadium', 'Karachi'),
(22, 'Poland', 'France', '2022-06-30T17:00:00', 'Quaid e Azam Football Stadium', 'Mirpur'),
(23, 'Australia', 'Tunisia', '2022-07-01T14:00:00', 'Lahore Football Stadium', 'Lahore'),
(24, 'Denmark', 'Spain', '2022-07-02T17:00:00', 'Karachi Football Stadium', 'Karachi'),
(25, 'Costa Rica', 'Germany', '2022-07-03T14:00:00', 'Quaid e Azam Football Stadium', 'Mirpur'),
(26, 'Japan', 'Belgium', '2022-07-04T17:00:00', 'Punjab Stadium', 'Lahore'),
(27, 'Canada', 'Morocco', '2022-07-05T14:00:00', 'Peoples Football Stadium', 'Karachi'),
(28, 'Croatia', 'Brazil', '2022-07-06T17:00:00', 'Quaid e Azam Football Stadium', 'Mirpur'),
(29, 'Serbia', 'Switzerland', '2022-07-07T14:00:00', 'Lahore Football Stadium', 'Lahore'),
(30, 'Portugal', 'Cameron', '2022-07-08T17:00:00', 'Karachi Football Stadium', 'Karachi'),
(31, 'Ghana', 'Uruguay', '2022-07-09T14:00:00', 'Quaid e Azam Football Stadium', 'Mirpur'),
(32, 'South Korea', 'Pakistan', '2022-07-10T17:00:00', 'Punjab Stadium', 'Lahore'),
(33, 'Netherlands', 'Senegal', '2022-07-11T14:00:00', 'Peoples Football Stadium', 'Karachi'),
(34, 'Ecuador', 'Iran', '2022-07-12T17:00:00', 'Quaid e Azam Football Stadium', 'Mirpur'),
(35, 'USA', 'England', '2022-07-13T14:00:00', 'Lahore Football Stadium', 'Lahore'),
(36, 'Wales', 'Saudi Arabia', '2022-07-14T17:00:00', 'Karachi Football Stadium', 'Karachi'),
(37, 'Mexico', 'Argentina', '2022-07-15T14:00:00', 'Quaid e Azam Football Stadium', 'Mirpur'),
(38, 'France', 'Poland', '2022-07-16T17:00:00', 'Punjab Stadium', 'Lahore'),
(39, 'Tunisia', 'Australia', '2022-07-17T14:00:00', 'Peoples Football Stadium', 'Karachi'),
(40, 'Spain', 'Denmark', '2022-07-11T17:00:00', 'Lahore Football Stadium', 'Lahore'),
(41, 'Germany', 'Costa Rica', '2022-07-18T17:00:00', 'Quaid e Azam Football Stadium', 'Mirpur'),
(42, 'Belgium', 'Japan', '2022-07-19T14:00:00', 'Lahore Football Stadium', 'Lahore'),
(43, 'Morocco', 'Canada', '2022-07-20T17:00:00', 'Karachi Football Stadium', 'Karachi'),
(44, 'Croatia', 'Serbia', '2022-07-21T14:00:00', 'Quaid e Azam Football Stadium', 'Mirpur'),
(45, 'Brazil', 'Switzerland', '2022-07-22T17:00:00', 'Punjab Stadium', 'Lahore'),
(46, 'Portugal', 'Cameron', '2022-07-23T14:00:00', 'Peoples Football Stadium', 'Karachi'),
(47, 'Ghana', 'Uruguay', '2022-07-24T17:00:00', 'Quaid e Azam Football Stadium', 'Mirpur'),
(48, 'South Korea', 'Pakistan', '2022-07-25T14:00:00', 'Lahore Football Stadium', 'Lahore'),
(49, 'Netherlands', 'Ecuador', '2022-07-26T17:00:00', 'Karachi Football Stadium', 'Karachi');


INSERT INTO football_worldcup_management.`fifaProducts` (`product_category`, `product_name`, `product_description`, `price`) VALUES 
("Football jerseys", "FIFA England Home Shirt", "Size: M, Color: Red, Fabric: Polyester", 49.99), 
("Football jerseys", "FIFA Italy Away Shirt", "Size: L, Color: Blue, Fabric: Polyester", 39.99), 
("Football jerseys", "FIFA Brazil Home Shirt", "Size: XL, Color: Green, Fabric: Polyester", 59.99), 
("Football shoes", "FIFA Nike Phantom GT Elite", "Size: 10, Color: Black, Studs: AG", 199.99), 
("Football shoes", "FIFA Adidas X Ghosted", "Size: 9.5, Color: White, Studs: FG", 149.99), 
("Football shoes", "FIFA Puma Future 5.1", "Size: 8.5, Color: Red, Studs: MG", 249.99), 
("Football accessories", "FIFA Nike Pro Combat Knee Sleeves", "Size: M, Color: Black", 24.99), 
("Football accessories", "FIFA Adidas TechFit Shin Guards", "Size: L, Color: Blue", 29.99), 
("Football accessories", "FIFA Puma EvoPower Shin Guards", "Size: XL, Color: Green", 39.99), 
("Football jerseys", "FIFA Germany Home Shirt", "Size: S, Color: Yellow, Fabric: Polyester", 44.99), 
("Football jerseys", "FIFA France Away Shirt", "Size: M, Color: Purple, Fabric: Polyester", 49.99), 
("Football jerseys", "FIFA Spain Home Shirt", "Size: L, Color: Orange, Fabric: Polyester", 39.99), 
("Football shoes", "FIFA Under Armour ClutchFit Force 3.0", "Size: 10, Color: Black, Studs: AG", 199.99), 
("Football shoes", "FIFA Reebok Speedlux 3.0", "Size: 9.5, Color: White, Studs: FG", 149.99), 
("Football shoes", "FIFA New Balance Tekela 2.0", "Size: 8.5, Color: Red, Studs: MG", 249.99), 
("Football accessories", "FIFA Under Armour HeatGear Arm Sleeves", "Size: M, Color: Black", 24.99), 
("Football accessories", "FIFA Reebok CrossFit Wrist Wraps", "Size: L, Color: Blue", 29.99), 
("Football accessories", "FIFA New Balance Moisture-Wicking Headband", "Size: XL, Color: Green", 39.99), 
("Football jerseys", "FIFA Argentina Home Shirt", "Size: S, Color: Yellow, Fabric: Polyester", 44.99);

UPDATE teams SET Group_Name = 'A' WHERE Team_Name = "Pakistan" or Team_Name ="Ecuador" or Team_Name ="Senegal" or Team_Name ="Netherlands";
UPDATE teams SET Group_Name = 'B' WHERE Team_Name = "England" or   Team_Name ="Iran" or  Team_Name = "USA" or  Team_Name = "Wales";
UPDATE teams SET Group_Name = 'C' WHERE Team_Name = "Argentina" or  Team_Name = "Saudi Arabia" or  Team_Name = "Mexico" or  Team_Name = "Poland";
UPDATE teams SET Group_Name = 'D' WHERE Team_Name ="France" or  Team_Name = "Denmark" or  Team_Name = "Tunisia" or  Team_Name = "Austrailia";
UPDATE teams SET Group_Name = 'E' WHERE Team_Name = "Spain" or  Team_Name = "Costa Rica" or  Team_Name ="Germany" or Team_Name = "Japan";
UPDATE teams SET Group_Name = 'F' WHERE Team_Name = "Belgium" or  Team_Name = "Canada" or  Team_Name = "Morocco" or  Team_Name = "Croatia";
UPDATE teams SET Group_Name = 'G' WHERE Team_Name ="Brazil" or  Team_Name = "Serbia" or  Team_Name = "Switzerland" or Team_Name = "Cameroon";
UPDATE teams SET Group_Name = 'H' WHERE  Team_Name ="Portugal" or  Team_Name = "Ghana" or  Team_Name = "Uruguay" or Team_Name = "Korea Republic";
UPDATE seatclasses set flight_no = 1;

-- set session information_schema_stats_expiry=0;

-- TO check the next Auto Increment Value
-- SELECT AUTO_INCREMENT FROM information_schema.tables WHERE table_name =
-- 'order' AND table_schema = 'football_worldcup_management';

SET foreign_key_checks = 0;
SET foreign_key_checks = 1;